app.mthd,n,ererr,aererr,arerr,ererrse,ersd
bc,208,-0.0480676900443607,0.157646855630317,0.545177057171664,0.198270597635674,0.265771771822747
bsth,243,0.00388587526823082,0.0863378945088056,0.560414876497878,0.117023133973094,0.11515991701863
cs,8,0.0123338109955699,0.0184723252029958,0.278022971390877,0.0193339019541056,0.0196288295899534
os,105,0.0790881073895795,0.112867547506621,4.83868575693399,0.112231896894416,0.0942293119631402
ts,75,0.0383514729454664,0.197010929129164,1.2329346798973,0.238564408574511,0.232785561377068
