app.mthd,n,ererr,aererr,arerr,ererrse,ersd
bc,222,0.00173147709592485,0.139452158173359,0.367066133175928,0.209897694071672,0.264576973282357
bsth,205,0.000550313801084057,0.0536676666470313,0.346550319747736,0.107834744759903,0.117684439929307
cs,9,-0.019303675643241,0.0245200593509788,0.294932032896856,0.0681885987526899,0.068271940311237
os,131,0.0909020402486949,0.103939984144008,0.858155858075058,0.117825255149112,0.0938314707064439
ts,167,0.00722089189767233,0.0815296522449784,0.337476359641167,0.152495316367588,0.176022603760714
