app.mthd,n,ererr,aererr,arerr,ererrse,ersd
bc,205,-0.0478920550136061,0.159153455530935,0.536223609900696,0.199030394072964,0.262863046962869
bsth,243,0.00393820668775403,0.086380359230625,0.560461019615661,0.116952560883156,0.11515991701863
cs,8,0.0120348425355719,0.0183994054211117,0.276351129311328,0.0193365090949178,0.0196288295899534
os,105,0.0795500013230529,0.113126518196136,4.85630485449817,0.112228089231143,0.0942293119631402
ts,75,0.038250271652617,0.197241524963882,1.23392356651073,0.238797507659717,0.232785561377068
