app.mthd,n,ererr,aererr,arerr,ererrse,ersd
bc,187,-0.00916333306679058,0.160978121954468,0.678521587089328,0.199346354626105,0.282344048197078
bsth,189,0.0120963252688715,0.0749724083071488,0.546091635688919,0.100438299056096,0.105024451198002
cs,15,-0.0213445365028679,0.062278622754502,6.95234084380977,0.0648802658297643,0.0393103818638539
os,85,-0.00459266491084089,0.1017307814811,1.26248940781839,0.131175654240687,0.110581088401138
ts,97,-0.00291453738910697,0.130264509932698,0.723029244181183,0.181320453776441,0.214740819320005
