app.mthd,n,ererr,aererr,arerr,ererrse,ersd
bc,222,-0.00642310615196942,0.127647724465148,0.356881838158201,0.194357919062547,0.264576973282357
bsth,205,0.0118657097696524,0.0504787517992959,0.34258593121095,0.105637194887683,0.117684439929307
cs,9,-0.0125246043812214,0.0174232609941069,0.260962129027105,0.0683569659167001,0.068271940311237
os,131,0.0855348407765307,0.0983733401652434,0.729922927193999,0.110462722992136,0.0938314707064439
ts,167,0.0226992576088753,0.0878699062140764,0.332147470021717,0.158874354061661,0.176022603760714
