app.mthd,n,ererr,aererr,arerr,ererrse,ersd
bc,219,-0.0398255677737567,0.157536671017352,0.578104302384481,0.196645024265511,0.262148139667025
bsth,204,-0.00309950642067326,0.0756636037740874,0.509636503671204,0.105537351059603,0.117263096213315
cs,8,0.00545960436510118,0.0168548136671351,0.240572315749894,0.0194953023386253,0.0196288295899534
os,131,0.0746272145099941,0.107820687108489,4.29801319692452,0.108900287018539,0.0938314707064439
ts,167,0.00447279886303177,0.112061314966201,0.624366135651001,0.158235885327806,0.176022603760714
