app.mthd,n,ererr,aererr,arerr,ererrse,ersd
bc,187,-0.00893576703675497,0.160562675186043,0.675357569731043,0.198719060277903,0.282344048197078
bsth,191,0.0109153613471393,0.0741666705945397,0.539391078135051,0.0995570738193158,0.105397011199791
cs,15,-0.0212185029740166,0.0621805577224933,6.94144058754319,0.0647677894362481,0.0393103818638539
os,86,-0.00401794177539002,0.101977552389488,1.63922852980676,0.131610144602484,0.111136611120653
ts,97,-0.00471112648890772,0.129750574379362,0.71428198832214,0.181330721995374,0.214740819320005
