app.mthd,n,ererr,aererr,arerr,ererrse,ersd
bc,222,0.0154371778074017,0.133468820246281,0.352726980339176,0.200684031509608,0.264576973282357
bsth,205,0.0118381106781687,0.054971869075097,0.366485714464822,0.10390561844876,0.117684439929307
cs,9,-0.0251947631453751,0.0290006995198565,0.348826042481855,0.0689903715907207,0.068271940311237
os,131,0.0870903425490824,0.10123744016119,0.852610959189256,0.113845703519057,0.0938314707064439
ts,167,0.0148925169063626,0.0832404034122083,0.332946782683763,0.152213604932859,0.176022603760714
