rmse,me,mae,mbe,nu,er.mn,er.md,n
0.152038834811932,0.518739956284033,0.112240698669083,0.00249026058010437,722,0.272403783710298,0.23353214034625,722
