app.mthd,rmse,me,mae,mbe,er.mn,er.md,n
bc,0.192945903839981,0.45734935234175,0.14738661292942,-0.0200106125904616,0.447228821826883,0.499164106105097,23616
bsth,0.110881857714979,0.235898495340858,0.0744967436281613,-0.00843308673038712,0.182754871799797,0.161564570266297,24384
ts,0.133491463042674,0.434254483313929,0.0953927354615465,0.000784700456419392,0.259318694302573,0.240319141803733,20800
os,0.0907260850649173,0.0481955251579542,0.0750327315857244,0.00620799876801778,0.136588705744762,0.129285957306018,16512
cs,0.355531715073365,-0.0506131478503871,0.122168026136892,-0.0744085254472128,0.0650838956054188,0.0597001173068299,1216
