rmse,me,mae,mbe,nu,er.mn,er.md,n
0.151402826728065,0.522757943812428,0.111385505002536,0.00208586124367529,722,0.271999384373869,0.233045396294637,722
