app.mthd,rmse,me,mae,mbe,er.mn,er.md,n
bc,0.193599137373502,0.462147181567656,0.147309367460091,-0.0390222875468029,0.396853200291035,0.407535075444773,222
bsth,0.102665209744278,0.235227608391083,0.0771754577206548,0.00447941505561349,0.19203721066537,0.166316759742102,205
ts,0.150389486924682,0.265644322752292,0.104792202900397,-0.00332722159891115,0.255145137682526,0.258123909922141,167
os,0.137323358426315,-1.20585647633856,0.111986815998724,0.0792590630527669,0.211547418170877,0.18554481922439,127
cs,0.0710444966897303,-0.480893249826373,0.0654544901111835,-0.0230435497530447,0.0207032348623399,0.00913624850128031,13
