rmse,me,mae,mbe,nu,er.mn,er.md,n
0.150923637042844,0.524468595512991,0.11048662165739,0.00199730395763513,734,0.268683843058453,0.230053802994596,734
