rmse,me,mae,mbe,nu,er.mn,er.md,n
0.154754212715692,0.500023446202197,0.114508999994529,0.00383254128984927,734,0.270519080390667,0.23195519037559,734
