app.mthd,rmse,me,mae,mbe,er.mn,er.md,n
bc,0.194927947502565,0.454738501471746,0.150168660902991,-0.0348936595269574,0.400981828310881,0.410999529083988,222
bsth,0.103563549950752,0.221785243769677,0.0790442648199048,0.00439705867302788,0.191954854282784,0.169741024697992,205
ts,0.149600929672105,0.276940704790488,0.104337800915928,-0.00392202345851399,0.258290859977069,0.261982343545157,163
os,0.140320739498637,-1.28454597412595,0.114678335524412,0.0804169944152711,0.217849339793422,0.196295975793695,119
cs,0.0704275376385155,-0.45528441562432,0.0648064579870879,-0.0221053066023309,0.0216414780130537,0.0104412668909668,13
