pars,n,pars,rmse,me,mae,mbe
CV,722,CV,0.151402826728065,0.522757943812428,0.111385505002536,0.00208586124367529
