pars,dataset,rmse,me,mae,mbe,nu,n
ps1,1,0.1882,0.3988,0.1375,-0.03382,573,573
ps2,1,0.1589,0.5712,0.112,-0.01389,573,573
f1,1,0.1824,0.435,0.1366,-0.06011,573,573
f2,1,0.165,0.5378,0.1179,-0.04753,573,573
f3,1,0.1558,0.588,0.1141,-0.03864,573,573
ps1,2,0.1762,0.4827,0.1284,-0.0323,483,483
ps2,2,0.1573,0.5876,0.1118,-0.01472,483,483
