pars,n,pars,rmse,me,mae,mbe
CV,722,CV,0.152038834811932,0.518739956284033,0.112240698669083,0.00249026058010437
