pars,dataset,rmse,me,mae,mbe,nu,n
ps1,1,0.1882,0.3988,0.1375,-0.03382,573,573
ps2,1,0.1571,0.5808,0.1104,-0.01553,573,573
f1,1,0.1526,0.6044,0.109,-0.03489,573,573
ps1,2,0.1762,0.4827,0.1284,-0.0323,483,483
ps2,2,0.1573,0.5876,0.1118,-0.01472,483,483
f1,2,0.1534,0.6076,0.1096,-0.0541,483,483
