pars,dataset,digested,rmse,me,mae,mbe,n
ps1,1,FALSE,0.186489506728834,0.4215868687444,0.134831199832741,-0.0448383810856644,1094
ps1,1,TRUE,0.120987914884204,0.552602355116055,0.0936399277109679,-0.0189965115840829,52
ps2,1,FALSE,0.152720669161892,0.6120953551383,0.106794915272708,-0.0276755318421602,1094
ps2,1,TRUE,0.120319203533105,0.557534303674486,0.0883531101717812,-0.0489477133240965,52
f20,1,FALSE,0.132919834397127,0.706161345672956,0.0980194645138584,-0.00445025219992525,547
f20,1,TRUE,0.0860048599700918,0.773923357096443,0.0640710451994518,-0.0389783083334435,26
f20,2,FALSE,0.134987943919439,0.701841239117928,0.100662440283523,-0.00448183085976958,462
f20,2,TRUE,0.0907812075358775,0.765112673399944,0.0655798984495145,-0.0412692094317036,21
