pars,dataset,rmse,me,mae,mbe,nu,n
ps1,1,0.184,0.4249,0.133,-0.04367,573,1146
ps2,1,0.1514,0.6108,0.106,-0.02864,573,1146
f20,1,0.1312,0.7079,0.09648,-0.006017,573,573
f20,2,0.1334,0.7035,0.09914,-0.006081,483,483
