pars,rmse,mae,mbe
ps1,0.178449051661895,0.130060063513185,-0.0389421398033757
ps2,0.161570873280472,0.121662323163126,0.0126433105870945
null1,0.271392001776897,0.191544531680649,-0.09569242411487
null2,0.185698595498015,0.136413394253156,-0.0439505256301119
a,0.165918798543767,0.12500316589126,-0.0139782585246219
b,0.167777282633967,0.120323159319835,-0.0414588162016131
c,0.1681722442638,0.12042168323675,-0.039732287878189
d,0.188430004017861,0.130587333753433,-0.10526076424754
e,0.187248052771853,0.131555283586472,-0.107382708168558
