app.mthd.nm,n,pars,rmse,me,mae,mbe
Broadcast,222,CV,0.194927947502565,0.454738501471746,0.150168660902991,-0.0348936595269574
Trailing hose,205,CV,0.103563549950752,0.221785243769677,0.0790442648199048,0.00439705867302788
Trailing shoe,163,CV,0.149600929672105,0.276940704790488,0.104337800915928,-0.00392202345851399
Open slot injection,119,CV,0.140320739498637,-1.28454597412595,0.114678335524412,0.0804169944152711
Closed slot injection,13,CV,0.0704275376385155,-0.45528441562432,0.0648064579870879,-0.0221053066023309
