pars,int.f0,int.r1,int.r2,int.r3,int.r5,app.mthd.os.f0,app.mthd.cs.f0,app.mthd.bc.r1,app.mthd.ts.r1,app.mthd.bc.r3,app.mthd.cs.r3,man.dm.f0,man.dm.r1,app.rate.ni.f0,man.source.pig.f0,air.temp.r1,wind.2m.r1,rain.rate.r2,rain.rate.r5,incorp.shallow.f4,incorp.shallow.r3,incorp.deep.f4,incorp.deep.r3,man.ph.r1,man.ph.r3,app.rate.f0,air.temp.r3,app.mthd.os.r3,rain.cum.r3,ts.cereal.hght.r1
f1,-0.700941209871339,-1.29989655143481,-2.44757032381,-2.09508404842847,-0.594559280813849,-1.19919014345633,-6.29879462467131,0.973921048263734,0.280805346241237,1.15021592686525,-0.0170247989660804,0.112019897775762,-0.0392049109831985,-0.0242607492742907,-0.818814082419646,0.057710144654186,0.0659144969426469,0.98572035702947,0.753570985717772,-1.4339138241805,-1.60994038965086,2.99975363460643,-1.28917690324074,0.50819940756978,-0.10768174538471,,,,,
f2,1.16731041654643,-1.26921961462705,-0.772745151095741,-2.67942009816461,-1.76490591610992,-3.2160063518584,-8.34568305084776,0.694468639196288,-0.15168910454922,0.227933404867139,-0.212256064430269,0.240961719833143,-0.0176853068571198,-0.024756212909029,-1.49419967953198,0.0388926560280539,0.0566398069721643,0.383726921553617,0.577083493540893,-0.373475808449556,-0.512044107967146,2.7083731972451,-0.0461755874107205,0.39903773613086,0.0784393300750488,,,,,
f3,0.567055150952109,-1.0679096984963,-0.844036067162669,-2.26541616764105,-1.34012174375594,-2.76272352645197,-6.93366827334471,0.74379007640333,-0.139987579002579,0.466117077846826,-0.290112303928825,0.420786285470179,-0.0742627179637368,-0.0318501894672074,-1.50015485736469,0.0360312128238189,0.0636250723546896,-0.103641883325974,0.843691843414264,-1.46113398372681,-1.7086386093262,3.79264084784674,-1.99659835165656,0.436893292030121,0.0893345212455193,,,,,
ps1,-0.7364889,-1.1785848,-0.9543731,-2.9012937,,-1.1717859,,0.6283396,,,,0.407466,-0.075822,,,0.0492777,0.0486651,0.4327281,,-0.4121023,,-3.6477259,-0.3838862,0.5327231,0.2663616,-0.0134681,0.0152419,-0.122883,-0.0300936,
ps2,-0.605683377135473,-0.939215157554942,-1.79918545831297,-3.22841225187594,,-1.74351499199106,-7.63373787323506,0.793524800080501,-0.459071351818907,0.561539558429444,-0.666474172842208,0.399670699937794,-0.139881887708132,-0.0111490009460872,-0.592028581423498,0.0735426766754151,0.150267203970342,0.394021556916743,,-0.964966548279922,-0.580526893811793,-3.6949495394145,-1.2656956200405,0.665,0.238,,,,,-0.244712378321887
