pars,int.f0,app.mthd.os.f0,man.dm.f0,man.source.pig.f0,app.mthd.cs.f0,int.r1,app.mthd.bc.r1,man.dm.r1,air.temp.r1,wind.2m.r1,app.mthd.ts.r1,man.ph.r1,int.r2,rain.rate.r2,int.r3,app.mthd.bc.r3,app.mthd.cs.r3,man.ph.r3,incorp.shallow.f4,incorp.shallow.r3,incorp.deep.f4,incorp.deep.r3,app.rate.f0,int.r5,rain.rate.r5,app.rate.app.mthd.inj.f0,man.dm.app.mthd.inj.f0,air.temp.r3,app.mthd.os.r3,rain.cum.r3,app.rate.ni.f0,ts.cereal.hght.r1
f1,0.302307965307144,-2.71950677091121,0.606803633347009,-0.68296724174951,-9.72604487871059,-1.19979750946275,0.715241152862908,-0.0397650765626467,0.0321664882976464,0.0497497971057856,-0.177870519234822,0.314046992621076,-0.807050002881464,0.269624325027651,-2.5197324372182,0.172627860737785,-0.259437102421391,0.20703757522669,-1.12941013410701,0.216712662019035,-3.10462140294001,-1.83326552856862,-0.0184643738852886,-1.50863588997185,1.00035503219318,0.0184643738852886,-0.606803633347009,,,,,
ps1,-0.7364889,-1.1717859,0.407466,,,-1.1785848,0.6283396,-0.075822,0.0492777,0.0486651,,0.5327231,-0.9543731,0.4327281,-2.9012937,,,0.2663616,-0.4121023,,-3.6477259,-0.3838862,-0.0134681,,,,,0.0152419,-0.122883,-0.0300936,,
ps2,-0.605683377135473,-1.74351499199106,0.399670699937794,-0.592028581423498,-7.63373787323506,-0.939215157554942,0.793524800080501,-0.139881887708132,0.0735426766754151,0.150267203970342,-0.459071351818907,0.665,-1.79918545831297,0.394021556916743,-3.22841225187594,0.561539558429444,-0.666474172842208,0.238,-0.964966548279922,-0.580526893811793,-3.6949495394145,-1.2656956200405,,,,,,,,,-0.0111490009460872,-0.244712378321887
